GE,78e6719c-73f3-11e6-b7e2-b8e85621f222,2015-08-31,2016-06-02,Repalced IC666789. ,2020-09-26,movement,17,South,1,37.7484,-122.4156
Samsung,78e81705-73f3-11e6-a35c-b8e85621f222,2015-03-23,2016-06-02,Need service update in 10 days. ,2019-08-08,humidity,17,North,1,37.7484,-122.4156
Philips,78e81b97-73f3-11e6-b326-b8e85621f222,2015-03-03,2016-05-04,Serviced without issues. ,2021-05-21,temperature,17,East,1,37.7484,-122.4156
GE,78e81fee-73f3-11e6-be97-b8e85621f222,2014-10-25,2016-04-28,Serviced without issues. ,2020-08-03,temperature,18,West,1,37.7484,-122.4156
Honeywell,78e823cc-73f3-11e6-a2d3-b8e85621f222,2015-07-26,2016-07-02,Serviced without issues. ,2018-09-14,humidity,18,South,1,37.7484,-122.4156
GE,78e827c7-73f3-11e6-b170-b8e85621f222,2015-01-27,2016-04-22,Repalced IC666789. ,2021-01-04,humidity,18,North,1,37.7484,-122.4156
Samsung,78e82be1-73f3-11e6-bba7-b8e85621f222,2015-05-04,2016-06-20,Repalced IC30486. ,2018-10-11,humidity,19,West,1,37.7484,-122.4156
Philips,78e82f47-73f3-11e6-9711-b8e85621f222,2014-12-25,2016-05-19,Repalced IC30486. ,2018-11-07,movement,19,West,1,37.7484,-122.4156
Philips,78e8318a-73f3-11e6-82a0-b8e85621f222,2015-03-16,2016-05-21,Need service update in 10 days. ,2019-08-26,movement,19,West,1,37.7484,-122.4156
Honeywell,78e8336b-73f3-11e6-99f3-b8e85621f222,2015-07-01,2016-04-11,Repalced IC666789. ,2020-08-15,temperature,19,East,1,37.7484,-122.4156
Honeywell,78e8366e-73f3-11e6-97bd-b8e85621f222,2015-03-19,2016-04-26,Repalced IC666789. ,2020-07-16,humidity,20,West,1,37.7484,-122.4156
Honeywell,78e839ab-73f3-11e6-bef1-b8e85621f222,2015-03-11,2016-03-20,Serviced without issues. ,2021-06-25,humidity,20,South,1,37.7484,-122.4156
Philips,78e83b9e-73f3-11e6-8206-b8e85621f222,2015-03-21,2016-03-25,Need service update in 10 days. ,2019-01-24,humidity,20,South,1,37.7484,-122.4156
GE,78e83d75-73f3-11e6-ae29-b8e85621f222,2014-11-23,2016-05-09,Repalced IC30486. ,2019-03-29,temperature,20,West,1,37.7484,-122.4156
Honeywell,78e83f42-73f3-11e6-94cc-b8e85621f222,2015-08-25,2016-04-09,Repalced IC666789. ,2019-05-27,movement,20,West,1,37.7484,-122.4156
GE,78e8412b-73f3-11e6-8d61-b8e85621f222,2015-07-29,2016-03-13,Repalced IC666789. ,2020-10-20,movement,21,West,1,37.7484,-122.4156
Philips,78e842f8-73f3-11e6-aa48-b8e85621f222,2015-09-11,2016-05-06,Serviced without issues. ,2019-12-11,temperature,21,North,1,37.7484,-122.4156
Samsung,78e844c5-73f3-11e6-83af-b8e85621f222,2015-05-13,2016-05-02,Serviced without issues. ,2019-12-03,temperature,21,East,1,37.7484,-122.4156
GE,78e8468f-73f3-11e6-806f-b8e85621f222,2015-08-08,2016-03-21,Serviced without issues. ,2019-12-27,movement,21,East,1,37.7484,-122.4156
GE,78e8485c-73f3-11e6-b050-b8e85621f222,2014-12-25,2016-05-01,Repalced IC30486. ,2020-04-19,temperature,21,West,1,37.7484,-122.4156
GE,78e84a3a-73f3-11e6-9647-b8e85621f222,2015-05-02,2016-05-14,Need service update in 10 days. ,2019-06-23,movement,22,East,1,37.7484,-122.4156
Philips,78e84c07-73f3-11e6-8ace-b8e85621f222,2015-06-20,2016-04-27,Repalced IC666789. ,2019-10-09,temperature,22,West,1,37.7484,-122.4156
Samsung,78e84dca-73f3-11e6-858d-b8e85621f222,2015-03-15,2016-05-31,Repalced IC30486. ,2020-05-26,humidity,22,West,1,37.7484,-122.4156
Philips,78e84fa8-73f3-11e6-b25b-b8e85621f222,2014-11-03,2016-04-20,Serviced without issues. ,2019-10-02,humidity,22,East,1,37.7484,-122.4156
Honeywell,78e8516b-73f3-11e6-b2b4-b8e85621f222,2015-06-03,2016-05-05,Serviced without issues. ,2018-09-06,movement,22,North,1,37.7484,-122.4156
GE,78e8534a-73f3-11e6-8ea3-b8e85621f222,2015-09-04,2016-05-14,Repalced IC30486. ,2019-10-01,humidity,23,South,1,37.7484,-122.4156
Samsung,78e8550c-73f3-11e6-8632-b8e85621f222,2014-12-17,2016-07-03,Repalced IC666789. ,2019-06-23,temperature,23,South,1,37.7484,-122.4156
Samsung,78e856ee-73f3-11e6-9d11-b8e85621f222,2015-07-30,2016-06-19,Repalced IC30486. ,2019-05-17,temperature,24,North,1,37.7484,-122.4156
Honeywell,78e858b8-73f3-11e6-b131-b8e85621f222,2014-10-31,2016-04-14,Repalced IC30486. ,2021-01-16,humidity,24,West,1,37.7484,-122.4156
Samsung,78e85a7a-73f3-11e6-a5d9-b8e85621f222,2015-02-07,2016-07-02,Need service update in 10 days. ,2021-02-10,movement,24,East,1,37.7484,-122.4156
GE,78e85da6-73f3-11e6-94b3-b8e85621f222,2015-08-01,2016-03-14,Repalced IC30486. ,2019-10-25,humidity,24,South,1,37.7484,-122.4156
Philips,78e85fa3-73f3-11e6-87bc-b8e85621f222,2015-05-02,2016-05-30,Need service update in 10 days. ,2019-12-11,movement,25,West,1,37.7484,-122.4156
Samsung,78e8617a-73f3-11e6-8d49-b8e85621f222,2015-06-24,2016-03-27,Serviced without issues. ,2019-04-24,humidity,25,East,1,37.7484,-122.4156
GE,78e8633d-73f3-11e6-8d1d-b8e85621f222,2015-05-08,2016-03-13,Serviced without issues. ,2018-12-18,temperature,25,West,1,37.7484,-122.4156
Philips,78e8651c-73f3-11e6-b530-b8e85621f222,2015-06-19,2016-03-31,Repalced IC666789. ,2019-07-07,temperature,26,East,1,37.7484,-122.4156
GE,78e866e8-73f3-11e6-878f-b8e85621f222,2015-01-19,2016-04-12,Repalced IC30486. ,2019-10-03,humidity,26,West,1,37.7484,-122.4156
Philips,78e868c7-73f3-11e6-990a-b8e85621f222,2015-04-14,2016-03-23,Need service update in 10 days. ,2019-07-02,humidity,27,North,1,37.7484,-122.4156
Philips,78e86a94-73f3-11e6-aae6-b8e85621f222,2015-03-15,2016-07-06,Repalced IC30486. ,2021-05-19,movement,27,North,1,37.7484,-122.4156
GE,78e86d75-73f3-11e6-b9e4-b8e85621f222,2015-02-18,2016-05-09,Need service update in 10 days. ,2020-05-19,movement,27,North,1,37.7484,-122.4156
Philips,78e86f94-73f3-11e6-a18f-b8e85621f222,2015-02-04,2016-05-27,Repalced IC666789. ,2020-03-31,temperature,27,South,1,37.7484,-122.4156
Honeywell,78e87161-73f3-11e6-8786-b8e85621f222,2015-01-26,2016-05-28,Need service update in 10 days. ,2019-12-07,humidity,27,North,1,37.7484,-122.4156
Samsung,78e8734a-73f3-11e6-ba06-b8e85621f222,2015-02-26,2016-05-31,Need service update in 10 days. ,2020-11-28,temperature,28,South,1,37.7484,-122.4156
Honeywell,78e8750c-73f3-11e6-aa31-b8e85621f222,2015-04-01,2016-07-03,Need service update in 10 days. ,2020-12-23,movement,28,South,1,37.7484,-122.4156
Honeywell,78e876cf-73f3-11e6-9405-b8e85621f222,2015-05-06,2016-06-12,Need service update in 10 days. ,2020-09-04,temperature,28,West,1,37.7484,-122.4156
Honeywell,78e87899-73f3-11e6-be47-b8e85621f222,2015-08-11,2016-07-01,Repalced IC666789. ,2020-09-19,temperature,28,North,1,37.7484,-122.4156
Honeywell,78e87a70-73f3-11e6-8c1e-b8e85621f222,2015-01-23,2016-05-02,Repalced IC30486. ,2020-05-25,humidity,29,West,1,37.7484,-122.4156
Philips,78e87c3d-73f3-11e6-96fd-b8e85621f222,2014-12-12,2016-05-19,Repalced IC666789. ,2019-03-30,humidity,29,North,1,37.7484,-122.4156
Honeywell,78e87e1c-73f3-11e6-8b4a-b8e85621f222,2015-07-13,2016-05-27,Repalced IC30486. ,2021-02-18,temperature,30,West,1,37.7484,-122.4156
GE,78e87fde-73f3-11e6-9a89-b8e85621f222,2015-01-23,2016-03-14,Repalced IC30486. ,2019-05-11,temperature,30,West,1,37.7484,-122.4156
Philips,78e881a1-73f3-11e6-9364-b8e85621f222,2015-02-23,2016-06-24,Serviced without issues. ,2018-12-15,movement,30,South,1,37.7484,-122.4156
GE,78e88361-73f3-11e6-8141-b8e85621f222,2015-07-12,2016-03-22,Serviced without issues. ,2020-06-22,temperature,30,North,1,37.7484,-122.4156
Honeywell,78e88538-73f3-11e6-9117-b8e85621f222,2015-08-14,2016-06-27,Need service update in 10 days. ,2020-09-04,temperature,31,East,1,37.7484,-122.4156
GE,78e886f8-73f3-11e6-9fa1-b8e85621f222,2015-01-04,2016-05-07,Repalced IC666789. ,2020-05-28,humidity,31,West,1,37.7484,-122.4156
GE,78e888dc-73f3-11e6-b778-b8e85621f222,2015-07-12,2016-06-19,Need service update in 10 days. ,2021-04-04,movement,32,West,1,37.7484,-122.4156
Philips,78e88a9c-73f3-11e6-b73d-b8e85621f222,2014-09-24,2016-06-10,Serviced without issues. ,2018-12-14,movement,32,South,1,37.7484,-122.4156
Honeywell,78e88c5e-73f3-11e6-95e8-b8e85621f222,2015-04-28,2016-03-15,Repalced IC30486. ,2018-09-02,humidity,32,West,1,37.7484,-122.4156
GE,78e88e33-73f3-11e6-bdea-b8e85621f222,2015-01-24,2016-05-13,Repalced IC30486. ,2020-03-30,movement,33,West,1,37.7484,-122.4156
Honeywell,78e88ff5-73f3-11e6-8d2c-b8e85621f222,2015-07-16,2016-04-04,Need service update in 10 days. ,2019-05-30,temperature,33,East,1,37.7484,-122.4156
Philips,78e891b8-73f3-11e6-afd9-b8e85621f222,2014-12-04,2016-06-19,Repalced IC30486. ,2021-02-08,movement,33,East,1,37.7484,-122.4156
GE,78e8942e-73f3-11e6-b1ce-b8e85621f222,2015-02-18,2016-06-08,Repalced IC666789. ,2020-10-26,humidity,33,East,1,37.7484,-122.4156
Philips,78e89635-73f3-11e6-a635-b8e85621f222,2014-10-26,2016-06-07,Serviced without issues. ,2021-02-04,movement,34,North,1,37.7484,-122.4156
GE,78e89802-73f3-11e6-90a2-b8e85621f222,2014-10-25,2016-04-19,Repalced IC30486. ,2021-06-04,humidity,34,North,1,37.7484,-122.4156
Honeywell,78e89d0c-73f3-11e6-a6a7-b8e85621f222,2014-09-28,2016-06-23,Serviced without issues. ,2020-06-10,temperature,34,South,1,37.7484,-122.4156
Honeywell,78e8a0e8-73f3-11e6-aa8c-b8e85621f222,2015-02-19,2016-03-22,Need service update in 10 days. ,2020-10-16,movement,34,South,1,37.7484,-122.4156
Philips,78e8a4d1-73f3-11e6-9fb3-b8e85621f222,2015-02-26,2016-04-28,Repalced IC30486. ,2018-12-07,movement,35,South,1,37.7484,-122.4156
Honeywell,78e8a7e8-73f3-11e6-bdde-b8e85621f222,2014-11-04,2016-03-31,Repalced IC666789. ,2021-05-11,temperature,35,West,1,37.7484,-122.4156
GE,78e8a9dc-73f3-11e6-930e-b8e85621f222,2015-01-27,2016-03-28,Repalced IC666789. ,2021-01-08,movement,35,East,1,37.7484,-122.4156
Honeywell,78e8aba8-73f3-11e6-a4ac-b8e85621f222,2015-03-24,2016-03-21,Need service update in 10 days. ,2019-01-10,movement,35,South,1,37.7484,-122.4156
Honeywell,78e8adcc-73f3-11e6-8690-b8e85621f222,2015-05-24,2016-03-09,Need service update in 10 days. ,2020-09-04,movement,36,South,1,37.7484,-122.4156
Samsung,78e8b06b-73f3-11e6-b56b-b8e85621f222,2015-02-09,2016-06-07,Repalced IC666789. ,2021-07-13,humidity,36,South,1,37.7484,-122.4156
Philips,78e8b435-73f3-11e6-937c-b8e85621f222,2015-05-18,2016-04-10,Repalced IC666789. ,2021-06-10,humidity,36,North,1,37.7484,-122.4156
GE,78e8b83a-73f3-11e6-bf91-b8e85621f222,2014-12-30,2016-05-26,Serviced without issues. ,2019-03-09,movement,37,West,1,37.7484,-122.4156
GE,78e8bc05-73f3-11e6-8d1b-b8e85621f222,2014-12-14,2016-04-22,Repalced IC30486. ,2018-09-09,humidity,37,South,1,37.7484,-122.4156
Samsung,78e8bf30-73f3-11e6-968b-b8e85621f222,2014-11-25,2016-05-08,Serviced without issues. ,2020-07-27,humidity,37,East,1,37.7484,-122.4156
Philips,78e8c123-73f3-11e6-a1f9-b8e85621f222,2015-06-28,2016-06-21,Need service update in 10 days. ,2020-10-23,humidity,37,East,1,37.7484,-122.4156
Philips,78e8c2f0-73f3-11e6-adc7-b8e85621f222,2014-12-22,2016-05-18,Serviced without issues. ,2018-11-24,movement,37,South,1,37.7484,-122.4156
Honeywell,78e8c570-73f3-11e6-af9c-b8e85621f222,2015-05-05,2016-04-12,Repalced IC30486. ,2019-10-11,temperature,38,East,1,37.7484,-122.4156
Samsung,78e8c868-73f3-11e6-be75-b8e85621f222,2015-07-09,2016-03-26,Need service update in 10 days. ,2020-11-12,movement,38,North,1,37.7484,-122.4156
GE,78e8caca-73f3-11e6-a50b-b8e85621f222,2015-06-15,2016-04-21,Repalced IC666789. ,2020-05-29,humidity,38,South,1,37.7484,-122.4156
Samsung,78e8ccca-73f3-11e6-a148-b8e85621f222,2015-05-09,2016-04-26,Need service update in 10 days. ,2020-05-18,movement,39,South,1,37.7484,-122.4156
Philips,78e8ce9e-73f3-11e6-aefe-b8e85621f222,2015-09-08,2016-04-08,Serviced without issues. ,2019-05-12,movement,39,East,1,37.7484,-122.4156
Samsung,78e8d06b-73f3-11e6-9681-b8e85621f222,2014-10-15,2016-05-30,Need service update in 10 days. ,2019-08-22,humidity,39,West,1,37.7484,-122.4156
Honeywell,78e8d238-73f3-11e6-9f59-b8e85621f222,2015-05-30,2016-06-28,Repalced IC30486. ,2019-08-19,movement,39,North,1,37.7484,-122.4156
Honeywell,78e8d417-73f3-11e6-8a14-b8e85621f222,2014-09-17,2016-03-23,Serviced without issues. ,2019-11-15,humidity,40,South,1,37.7484,-122.4156
Samsung,78e8d5d9-73f3-11e6-8dd0-b8e85621f222,2015-04-22,2016-07-06,Need service update in 10 days. ,2020-09-23,temperature,40,West,1,37.7484,-122.4156
Honeywell,78e8d7b8-73f3-11e6-995c-b8e85621f222,2015-03-03,2016-04-30,Repalced IC666789. ,2019-10-06,temperature,41,South,1,37.7484,-122.4156
Honeywell,78e8d97a-73f3-11e6-8ffa-b8e85621f222,2014-10-19,2016-04-30,Serviced without issues. ,2019-09-05,temperature,41,North,1,37.7484,-122.4156
Samsung,78e8db47-73f3-11e6-beb7-b8e85621f222,2015-09-02,2016-06-17,Serviced without issues. ,2020-04-17,movement,41,East,1,37.7484,-122.4156
Honeywell,78e8de28-73f3-11e6-bac2-b8e85621f222,2014-09-27,2016-04-04,Repalced IC30486. ,2020-03-30,movement,41,South,1,37.7484,-122.4156
Honeywell,78e8e030-73f3-11e6-be0e-b8e85621f222,2015-03-09,2016-05-24,Repalced IC30486. ,2020-07-04,humidity,42,West,1,37.7484,-122.4156
Philips,78e8e1fd-73f3-11e6-9691-b8e85621f222,2015-01-01,2016-04-30,Repalced IC666789. ,2020-08-05,movement,42,North,1,37.7484,-122.4156
Samsung,78e8e3dc-73f3-11e6-9299-b8e85621f222,2015-07-21,2016-04-16,Need service update in 10 days. ,2021-03-11,movement,43,West,1,37.7484,-122.4156
Philips,78e8e59e-73f3-11e6-9bd2-b8e85621f222,2015-04-18,2016-04-04,Repalced IC30486. ,2020-09-05,movement,43,North,1,37.7484,-122.4156
Honeywell,78e8e780-73f3-11e6-bae0-b8e85621f222,2015-06-17,2016-04-19,Serviced without issues. ,2020-03-31,humidity,44,North,1,37.7484,-122.4156
GE,78e8e942-73f3-11e6-9703-b8e85621f222,2015-05-09,2016-06-14,Need service update in 10 days. ,2020-06-28,movement,44,South,1,37.7484,-122.4156
Honeywell,78e8eb05-73f3-11e6-bf97-b8e85621f222,2015-06-15,2016-07-06,Repalced IC666789. ,2020-11-01,movement,44,East,1,37.7484,-122.4156
GE,78e8ecee-73f3-11e6-a79b-b8e85621f222,2015-06-27,2016-07-02,Repalced IC30486. ,2018-09-30,humidity,17,North,2,40.7143,-74.006
Philips,78e8eeb8-73f3-11e6-bea8-b8e85621f222,2015-02-28,2016-04-23,Repalced IC30486. ,2019-03-27,movement,17,South,2,40.7143,-74.006
Philips,78e8f07a-73f3-11e6-90af-b8e85621f222,2015-08-11,2016-04-04,Need service update in 10 days. ,2020-12-13,humidity,17,West,2,40.7143,-74.006
Samsung,78e8f25c-73f3-11e6-8bd0-b8e85621f222,2014-10-27,2016-05-04,Need service update in 10 days. ,2020-12-01,movement,18,West,2,40.7143,-74.006
Honeywell,78e8f41e-73f3-11e6-8200-b8e85621f222,2015-05-26,2016-04-08,Repalced IC30486. ,2020-05-03,humidity,18,East,2,40.7143,-74.006
GE,78e8f600-73f3-11e6-8615-b8e85621f222,2014-11-28,2016-04-19,Repalced IC30486. ,2021-05-17,humidity,19,South,2,40.7143,-74.006
Philips,78e8f7c0-73f3-11e6-b884-b8e85621f222,2015-01-07,2016-03-17,Repalced IC666789. ,2019-10-09,humidity,19,South,2,40.7143,-74.006
Samsung,78e8f982-73f3-11e6-9e0c-b8e85621f222,2015-08-21,2016-06-17,Repalced IC666789. ,2018-11-18,movement,19,West,2,40.7143,-74.006
Philips,78e8fb45-73f3-11e6-a6e9-b8e85621f222,2014-12-22,2016-04-14,Serviced without issues. ,2021-04-02,humidity,19,North,2,40.7143,-74.006
Samsung,78e8fd05-73f3-11e6-985d-b8e85621f222,2014-10-11,2016-03-15,Repalced IC30486. ,2020-08-26,humidity,19,South,2,40.7143,-74.006
Samsung,78e8fee6-73f3-11e6-a81b-b8e85621f222,2015-04-11,2016-03-23,Need service update in 10 days. ,2021-06-06,temperature,20,North,2,40.7143,-74.006
Samsung,78e900a8-73f3-11e6-910e-b8e85621f222,2015-03-02,2016-06-07,Repalced IC30486. ,2021-01-09,temperature,20,North,2,40.7143,-74.006
GE,78e90359-73f3-11e6-8863-b8e85621f222,2014-10-03,2016-04-03,Serviced without issues. ,2020-07-10,temperature,20,North,2,40.7143,-74.006
GE,78e905ee-73f3-11e6-a044-b8e85621f222,2014-11-29,2016-04-02,Repalced IC666789. ,2019-09-17,movement,21,East,2,40.7143,-74.006
GE,78e907c5-73f3-11e6-a172-b8e85621f222,2015-08-14,2016-06-03,Repalced IC666789. ,2018-09-19,temperature,21,West,2,40.7143,-74.006
Honeywell,78e90a9e-73f3-11e6-be11-b8e85621f222,2015-05-03,2016-03-26,Need service update in 10 days. ,2020-09-30,temperature,21,North,2,40.7143,-74.006
Honeywell,78e90e54-73f3-11e6-8af3-b8e85621f222,2015-01-02,2016-06-11,Need service update in 10 days. ,2021-04-28,movement,22,South,2,40.7143,-74.006
Samsung,78e9120a-73f3-11e6-a7bf-b8e85621f222,2014-11-02,2016-06-14,Need service update in 10 days. ,2020-07-30,humidity,22,South,2,40.7143,-74.006
Philips,78e915e6-73f3-11e6-83c4-b8e85621f222,2015-02-05,2016-06-06,Need service update in 10 days. ,2020-10-18,movement,23,East,2,40.7143,-74.006
GE,78e919a8-73f3-11e6-b954-b8e85621f222,2014-10-07,2016-03-11,Serviced without issues. ,2020-01-03,movement,23,West,2,40.7143,-74.006
Honeywell,78e91c33-73f3-11e6-9600-b8e85621f222,2015-03-02,2016-04-22,Repalced IC30486. ,2020-01-12,temperature,23,South,2,40.7143,-74.006
Philips,78e91e11-73f3-11e6-a197-b8e85621f222,2015-03-06,2016-05-03,Serviced without issues. ,2019-11-04,temperature,23,East,2,40.7143,-74.006
Honeywell,78e921f8-73f3-11e6-879c-b8e85621f222,2014-12-07,2016-05-11,Serviced without issues. ,2021-03-09,temperature,23,West,2,40.7143,-74.006
Samsung,78e925cc-73f3-11e6-a629-b8e85621f222,2014-12-20,2016-04-07,Need service update in 10 days. ,2019-10-21,temperature,24,East,2,40.7143,-74.006
GE,78e929a1-73f3-11e6-bf93-b8e85621f222,2014-11-30,2016-06-21,Repalced IC30486. ,2018-12-13,temperature,24,South,2,40.7143,-74.006
Honeywell,78e92cf3-73f3-11e6-a06e-b8e85621f222,2015-07-31,2016-05-22,Repalced IC666789. ,2019-07-21,humidity,24,West,2,40.7143,-74.006
GE,78e92ef3-73f3-11e6-ac9c-b8e85621f222,2015-02-17,2016-05-11,Repalced IC30486. ,2018-12-05,temperature,24,East,2,40.7143,-74.006
Philips,78e93170-73f3-11e6-908d-b8e85621f222,2014-10-03,2016-06-26,Serviced without issues. ,2020-01-03,temperature,24,South,2,40.7143,-74.006
Samsung,78e933c0-73f3-11e6-b7a6-b8e85621f222,2015-07-14,2016-04-28,Repalced IC666789. ,2019-07-15,temperature,25,West,2,40.7143,-74.006
GE,78e93559-73f3-11e6-8ec2-b8e85621f222,2015-07-24,2016-04-05,Serviced without issues. ,2019-08-18,temperature,25,North,2,40.7143,-74.006
Samsung,78e936e8-73f3-11e6-b728-b8e85621f222,2014-10-02,2016-05-27,Repalced IC30486. ,2021-05-22,temperature,25,West,2,40.7143,-74.006
Philips,78e93899-73f3-11e6-8d0a-b8e85621f222,2014-10-22,2016-04-23,Serviced without issues. ,2021-05-18,movement,26,West,2,40.7143,-74.006
Honeywell,78e93a28-73f3-11e6-96be-b8e85621f222,2015-03-16,2016-03-27,Repalced IC666789. ,2020-10-05,movement,26,West,2,40.7143,-74.006
Philips,78e93bb8-73f3-11e6-8dea-b8e85621f222,2015-04-18,2016-06-22,Repalced IC666789. ,2019-09-29,humidity,26,South,2,40.7143,-74.006
Samsung,78e93d47-73f3-11e6-8ee9-b8e85621f222,2015-01-04,2016-06-01,Repalced IC30486. ,2020-12-18,temperature,26,West,2,40.7143,-74.006
GE,78e93ef5-73f3-11e6-8a8b-b8e85621f222,2014-12-01,2016-06-23,Repalced IC666789. ,2020-10-05,movement,27,North,2,40.7143,-74.006
Philips,78e94085-73f3-11e6-8fbc-b8e85621f222,2014-11-04,2016-06-05,Serviced without issues. ,2019-07-24,temperature,27,South,2,40.7143,-74.006
Honeywell,78e94217-73f3-11e6-bd84-b8e85621f222,2015-04-25,2016-05-05,Need service update in 10 days. ,2018-10-21,humidity,27,South,2,40.7143,-74.006
Philips,78e943a6-73f3-11e6-bead-b8e85621f222,2015-06-22,2016-06-13,Repalced IC30486. ,2019-08-23,humidity,27,West,2,40.7143,-74.006
GE,78e9454a-73f3-11e6-a0d3-b8e85621f222,2015-01-11,2016-03-31,Repalced IC666789. ,2019-07-31,humidity,28,South,2,40.7143,-74.006
Samsung,78e946e3-73f3-11e6-b2d3-b8e85621f222,2015-07-02,2016-04-09,Repalced IC666789. ,2019-02-24,humidity,28,South,2,40.7143,-74.006
GE,78e94875-73f3-11e6-86be-b8e85621f222,2014-09-17,2016-05-19,Repalced IC666789. ,2021-03-13,humidity,28,East,2,40.7143,-74.006
Philips,78e949f8-73f3-11e6-8a8f-b8e85621f222,2014-09-25,2016-06-13,Repalced IC666789. ,2021-03-20,humidity,28,South,2,40.7143,-74.006
Philips,78e94b8a-73f3-11e6-817a-b8e85621f222,2015-02-12,2016-04-07,Serviced without issues. ,2019-09-04,temperature,28,South,2,40.7143,-74.006
GE,78e94d2e-73f3-11e6-b893-b8e85621f222,2015-06-05,2016-06-16,Need service update in 10 days. ,2020-02-28,temperature,29,West,2,40.7143,-74.006
GE,78e94eb5-73f3-11e6-90b9-b8e85621f222,2015-02-13,2016-06-22,Repalced IC30486. ,2019-05-12,humidity,29,East,2,40.7143,-74.006
Philips,78e95045-73f3-11e6-be61-b8e85621f222,2015-08-03,2016-04-18,Repalced IC666789. ,2018-10-31,humidity,29,West,2,40.7143,-74.006
Honeywell,78e951ca-73f3-11e6-a902-b8e85621f222,2015-04-24,2016-05-03,Repalced IC30486. ,2020-08-07,temperature,29,East,2,40.7143,-74.006
GE,78e9536e-73f3-11e6-b95a-b8e85621f222,2015-05-25,2016-05-29,Serviced without issues. ,2019-03-29,humidity,30,East,2,40.7143,-74.006
Honeywell,78e954fd-73f3-11e6-8ac9-b8e85621f222,2015-03-07,2016-06-05,Repalced IC30486. ,2019-09-23,humidity,30,West,2,40.7143,-74.006
Philips,78e9568f-73f3-11e6-9869-b8e85621f222,2014-09-20,2016-05-07,Serviced without issues. ,2018-10-30,movement,30,North,2,40.7143,-74.006
GE,78e9581e-73f3-11e6-afac-b8e85621f222,2015-07-11,2016-04-05,Repalced IC666789. ,2020-06-02,movement,30,North,2,40.7143,-74.006
Honeywell,78e95a94-73f3-11e6-a06e-b8e85621f222,2014-12-03,2016-04-01,Repalced IC666789. ,2018-11-02,humidity,31,West,2,40.7143,-74.006
Philips,78e95c42-73f3-11e6-a462-b8e85621f222,2015-06-13,2016-05-29,Need service update in 10 days. ,2019-01-05,movement,31,North,2,40.7143,-74.006
Samsung,78e95de6-73f3-11e6-a6ec-b8e85621f222,2015-05-15,2016-05-24,Need service update in 10 days. ,2018-10-27,humidity,32,West,2,40.7143,-74.006
Honeywell,78e95f80-73f3-11e6-8c39-b8e85621f222,2015-03-21,2016-05-14,Serviced without issues. ,2020-08-08,movement,32,East,2,40.7143,-74.006
Philips,78e9610f-73f3-11e6-87dd-b8e85621f222,2014-12-30,2016-03-27,Repalced IC666789. ,2021-01-17,humidity,32,North,2,40.7143,-74.006
Honeywell,78e962b3-73f3-11e6-a9a7-b8e85621f222,2015-01-05,2016-05-05,Repalced IC30486. ,2019-10-12,temperature,33,South,2,40.7143,-74.006
GE,78e9644c-73f3-11e6-b005-b8e85621f222,2015-03-13,2016-06-03,Serviced without issues. ,2020-02-27,movement,33,East,2,40.7143,-74.006
Honeywell,78e965de-73f3-11e6-81d2-b8e85621f222,2015-03-07,2016-03-10,Serviced without issues. ,2020-12-30,movement,33,South,2,40.7143,-74.006
Samsung,78e9676e-73f3-11e6-bdbb-b8e85621f222,2015-04-24,2016-07-02,Need service update in 10 days. ,2019-06-01,temperature,33,South,2,40.7143,-74.006
Philips,78e968f3-73f3-11e6-aea9-b8e85621f222,2014-11-02,2016-06-12,Repalced IC666789. ,2021-06-05,humidity,33,South,2,40.7143,-74.006
Philips,78e96a99-73f3-11e6-90b1-b8e85621f222,2015-04-09,2016-07-05,Repalced IC30486. ,2020-05-23,movement,34,South,2,40.7143,-74.006
GE,78e96c1e-73f3-11e6-ad8c-b8e85621f222,2014-11-24,2016-06-02,Need service update in 10 days. ,2021-01-21,movement,34,West,2,40.7143,-74.006
GE,78e96dae-73f3-11e6-8aa1-b8e85621f222,2014-12-01,2016-04-27,Serviced without issues. ,2020-02-23,temperature,34,East,2,40.7143,-74.006
Honeywell,78e96f51-73f3-11e6-aaef-b8e85621f222,2015-09-05,2016-04-24,Need service update in 10 days. ,2018-11-20,humidity,35,South,2,40.7143,-74.006
Philips,78e970eb-73f3-11e6-99d6-b8e85621f222,2015-09-02,2016-06-14,Serviced without issues. ,2021-01-08,humidity,35,North,2,40.7143,-74.006
Philips,78e9728f-73f3-11e6-b1ee-b8e85621f222,2015-08-05,2016-03-20,Need service update in 10 days. ,2019-12-04,movement,36,West,2,40.7143,-74.006
GE,78e97421-73f3-11e6-9de8-b8e85621f222,2015-07-10,2016-04-26,Serviced without issues. ,2020-06-28,temperature,36,North,2,40.7143,-74.006
Samsung,78e975a3-73f3-11e6-a4d4-b8e85621f222,2014-11-10,2016-07-03,Repalced IC30486. ,2020-05-01,temperature,36,South,2,40.7143,-74.006
GE,78e97735-73f3-11e6-a41c-b8e85621f222,2015-01-19,2016-06-29,Serviced without issues. ,2021-01-12,movement,36,West,2,40.7143,-74.006
GE,78e978c5-73f3-11e6-9902-b8e85621f222,2015-07-25,2016-04-16,Repalced IC30486. ,2019-03-14,temperature,36,West,2,40.7143,-74.006
Honeywell,78e97a61-73f3-11e6-80fc-b8e85621f222,2014-10-28,2016-04-18,Serviced without issues. ,2020-05-12,temperature,37,West,2,40.7143,-74.006
Honeywell,78e97bfa-73f3-11e6-b532-b8e85621f222,2015-08-30,2016-03-20,Repalced IC666789. ,2020-08-30,temperature,37,North,2,40.7143,-74.006
Samsung,78e97d80-73f3-11e6-a04a-b8e85621f222,2015-03-11,2016-05-03,Repalced IC666789. ,2019-11-05,movement,37,North,2,40.7143,-74.006
Philips,78e97f0f-73f3-11e6-9d74-b8e85621f222,2014-11-09,2016-06-29,Repalced IC30486. ,2020-05-11,humidity,37,North,2,40.7143,-74.006
Honeywell,78e980b3-73f3-11e6-a0ac-b8e85621f222,2014-10-10,2016-06-18,Need service update in 10 days. ,2021-02-05,temperature,38,West,2,40.7143,-74.006
GE,78e98242-73f3-11e6-aec0-b8e85621f222,2015-06-05,2016-03-24,Serviced without issues. ,2018-12-05,movement,38,South,2,40.7143,-74.006
Samsung,78e983de-73f3-11e6-8e28-b8e85621f222,2014-10-29,2016-06-18,Repalced IC666789. ,2020-02-02,movement,39,South,2,40.7143,-74.006
Philips,78e9856e-73f3-11e6-8f73-b8e85621f222,2015-06-04,2016-04-21,Need service update in 10 days. ,2021-05-12,temperature,39,East,2,40.7143,-74.006
Honeywell,78e98ad1-73f3-11e6-bebe-b8e85621f222,2015-03-13,2016-05-04,Repalced IC666789. ,2020-02-13,temperature,39,South,2,40.7143,-74.006
GE,78e98f0a-73f3-11e6-8e2d-b8e85621f222,2014-10-31,2016-06-27,Serviced without issues. ,2019-12-18,temperature,40,South,2,40.7143,-74.006
Philips,78e990f3-73f3-11e6-a6cc-b8e85621f222,2015-04-21,2016-04-01,Repalced IC666789. ,2019-01-24,movement,40,West,2,40.7143,-74.006
Philips,78e992a3-73f3-11e6-b348-b8e85621f222,2014-09-18,2016-05-28,Repalced IC30486. ,2019-08-06,humidity,40,West,2,40.7143,-74.006
Samsung,78e99478-73f3-11e6-88d4-b8e85621f222,2015-04-02,2016-05-03,Repalced IC666789. ,2021-06-12,temperature,41,East,2,40.7143,-74.006
Samsung,78e99626-73f3-11e6-92b1-b8e85621f222,2014-10-04,2016-07-01,Repalced IC30486. ,2020-02-27,movement,41,North,2,40.7143,-74.006
Philips,78e997b5-73f3-11e6-b7b4-b8e85621f222,2015-05-02,2016-05-02,Repalced IC666789. ,2018-09-08,humidity,41,West,2,40.7143,-74.006
GE,78e99947-73f3-11e6-a49b-b8e85621f222,2014-12-09,2016-06-14,Need service update in 10 days. ,2019-06-09,movement,41,South,2,40.7143,-74.006
Honeywell,78e99aeb-73f3-11e6-9d6d-b8e85621f222,2014-12-19,2016-05-01,Repalced IC30486. ,2019-08-23,humidity,42,South,2,40.7143,-74.006
Philips,78e99c7a-73f3-11e6-9efc-b8e85621f222,2015-08-25,2016-05-05,Serviced without issues. ,2019-07-06,movement,42,East,2,40.7143,-74.006
Samsung,78e99ed9-73f3-11e6-a804-b8e85621f222,2015-05-12,2016-04-10,Need service update in 10 days. ,2021-05-17,temperature,42,West,2,40.7143,-74.006
GE,78e9a151-73f3-11e6-8971-b8e85621f222,2015-05-28,2016-05-27,Repalced IC666789. ,2020-01-04,humidity,43,West,2,40.7143,-74.006
Philips,78e9a3a8-73f3-11e6-90c5-b8e85621f222,2014-12-02,2016-04-04,Need service update in 10 days. ,2019-07-19,humidity,43,South,2,40.7143,-74.006
GE,78e9a60a-73f3-11e6-a50b-b8e85621f222,2014-12-15,2016-07-05,Repalced IC30486. ,2019-10-09,movement,43,North,2,40.7143,-74.006
Honeywell,78e9a878-73f3-11e6-b256-b8e85621f222,2015-06-17,2016-06-13,Serviced without issues. ,2021-06-01,humidity,44,East,2,40.7143,-74.006
Honeywell,78e9aacf-73f3-11e6-a217-b8e85621f222,2015-02-24,2016-06-24,Serviced without issues. ,2021-06-26,humidity,44,South,2,40.7143,-74.006
Samsung,78e9ad1c-73f3-11e6-b697-b8e85621f222,2015-03-06,2016-06-20,Serviced without issues. ,2020-07-24,temperature,44,West,2,40.7143,-74.006
Honeywell,78e9af9e-73f3-11e6-b91a-b8e85621f222,2015-01-04,2016-06-17,Repalced IC666789. ,2020-01-06,temperature,17,West,3,45.536951,-122.649971
Samsung,78e9b200-73f3-11e6-89be-b8e85621f222,2015-03-10,2016-05-07,Repalced IC30486. ,2021-02-24,humidity,17,South,3,45.536951,-122.649971
Samsung,78e9b46b-73f3-11e6-9ace-b8e85621f222,2015-02-08,2016-05-08,Serviced without issues. ,2020-12-04,humidity,18,North,3,45.536951,-122.649971
GE,78e9b6c2-73f3-11e6-bb71-b8e85621f222,2015-02-12,2016-05-11,Repalced IC30486. ,2019-04-16,movement,18,North,3,45.536951,-122.649971
Honeywell,78e9b911-73f3-11e6-b1c6-b8e85621f222,2014-09-23,2016-03-26,Serviced without issues. ,2019-09-18,humidity,18,East,3,45.536951,-122.649971
Honeywell,78e9bb7d-73f3-11e6-b237-b8e85621f222,2014-09-17,2016-04-19,Serviced without issues. ,2019-12-19,humidity,19,West,3,45.536951,-122.649971
Samsung,78e9bdca-73f3-11e6-88fe-b8e85621f222,2015-03-07,2016-03-18,Repalced IC30486. ,2021-06-25,temperature,19,West,3,45.536951,-122.649971
GE,78e9c019-73f3-11e6-9f04-b8e85621f222,2015-02-12,2016-03-14,Repalced IC30486. ,2021-06-21,humidity,19,South,3,45.536951,-122.649971
GE,78e9c25e-73f3-11e6-8ba1-b8e85621f222,2014-10-27,2016-04-14,Need service update in 10 days. ,2018-12-24,humidity,19,East,3,45.536951,-122.649971
Philips,78e9c4d1-73f3-11e6-bbf5-b8e85621f222,2015-04-29,2016-06-17,Repalced IC30486. ,2020-10-26,temperature,20,West,3,45.536951,-122.649971
Philips,78e9c735-73f3-11e6-882f-b8e85621f222,2015-05-05,2016-07-07,Serviced without issues. ,2018-11-30,movement,20,South,3,45.536951,-122.649971
Samsung,78e9c90a-73f3-11e6-8caf-b8e85621f222,2015-03-10,2016-03-31,Repalced IC666789. ,2020-03-13,temperature,20,East,3,45.536951,-122.649971
Philips,78e9caee-73f3-11e6-b223-b8e85621f222,2015-07-14,2016-04-20,Repalced IC30486. ,2019-12-29,temperature,20,North,3,45.536951,-122.649971
Honeywell,78e9cd75-73f3-11e6-8513-b8e85621f222,2015-07-31,2016-05-21,Repalced IC30486. ,2019-10-02,movement,21,West,3,45.536951,-122.649971
Philips,78e9cf9c-73f3-11e6-aa2c-b8e85621f222,2015-01-27,2016-03-11,Need service update in 10 days. ,2018-11-14,movement,21,South,3,45.536951,-122.649971
GE,78e9d185-73f3-11e6-bb40-b8e85621f222,2014-12-04,2016-05-13,Serviced without issues. ,2019-06-28,humidity,21,West,3,45.536951,-122.649971
GE,78e9d382-73f3-11e6-8461-b8e85621f222,2015-04-19,2016-03-22,Serviced without issues. ,2020-05-10,humidity,22,West,3,45.536951,-122.649971
GE,78e9d56e-73f3-11e6-a646-b8e85621f222,2015-01-25,2016-04-18,Repalced IC30486. ,2020-06-28,temperature,22,East,3,45.536951,-122.649971
Honeywell,78e9d76b-73f3-11e6-81a6-b8e85621f222,2015-08-03,2016-03-20,Need service update in 10 days. ,2019-11-16,temperature,23,West,3,45.536951,-122.649971
GE,78e9d954-73f3-11e6-bf96-b8e85621f222,2014-10-15,2016-04-19,Repalced IC666789. ,2019-01-03,temperature,23,South,3,45.536951,-122.649971
Honeywell,78e9db54-73f3-11e6-b8f3-b8e85621f222,2015-07-18,2016-05-09,Repalced IC666789. ,2018-09-18,humidity,24,South,3,45.536951,-122.649971
Honeywell,78e9dd3d-73f3-11e6-aebc-b8e85621f222,2015-06-22,2016-05-14,Serviced without issues. ,2021-01-10,temperature,24,East,3,45.536951,-122.649971
Samsung,78e9df30-73f3-11e6-b810-b8e85621f222,2015-02-27,2016-04-17,Repalced IC666789. ,2021-07-14,humidity,25,East,3,45.536951,-122.649971
GE,78e9e11c-73f3-11e6-b04c-b8e85621f222,2015-01-25,2016-05-17,Serviced without issues. ,2020-01-16,temperature,25,East,3,45.536951,-122.649971
Philips,78e9e2fa-73f3-11e6-9030-b8e85621f222,2015-02-02,2016-04-08,Repalced IC30486. ,2019-03-02,humidity,25,East,3,45.536951,-122.649971
Honeywell,78e9e4dc-73f3-11e6-b064-b8e85621f222,2014-09-30,2016-03-09,Serviced without issues. ,2019-01-14,movement,25,West,3,45.536951,-122.649971
Samsung,78e9e6cf-73f3-11e6-9b95-b8e85621f222,2014-10-22,2016-04-28,Serviced without issues. ,2020-10-05,movement,26,South,3,45.536951,-122.649971
Philips,78e9e8ba-73f3-11e6-b0a3-b8e85621f222,2014-11-02,2016-05-04,Serviced without issues. ,2018-08-30,temperature,26,East,3,45.536951,-122.649971
Honeywell,78e9ea99-73f3-11e6-84a1-b8e85621f222,2014-12-24,2016-05-07,Repalced IC30486. ,2018-10-18,movement,26,East,3,45.536951,-122.649971
Philips,78e9ec8f-73f3-11e6-bdd5-b8e85621f222,2015-07-09,2016-06-10,Repalced IC666789. ,2018-10-24,movement,27,North,3,45.536951,-122.649971
Samsung,78e9ee9e-73f3-11e6-9a74-b8e85621f222,2015-03-15,2016-03-14,Repalced IC666789. ,2020-10-01,movement,27,South,3,45.536951,-122.649971
Philips,78e9f042-73f3-11e6-97d2-b8e85621f222,2015-06-09,2016-05-22,Repalced IC30486. ,2021-06-05,movement,28,South,3,45.536951,-122.649971
GE,78e9f1d4-73f3-11e6-a720-b8e85621f222,2015-02-14,2016-04-22,Repalced IC30486. ,2021-07-17,movement,28,North,3,45.536951,-122.649971
Samsung,78e9f363-73f3-11e6-805a-b8e85621f222,2014-10-26,2016-04-19,Serviced without issues. ,2020-10-26,humidity,28,East,3,45.536951,-122.649971
Samsung,78e9f507-73f3-11e6-8ccd-b8e85621f222,2014-11-28,2016-06-10,Repalced IC30486. ,2020-08-05,movement,29,West,3,45.536951,-122.649971
Honeywell,78e9f68f-73f3-11e6-958a-b8e85621f222,2015-08-11,2016-05-17,Repalced IC30486. ,2020-07-22,temperature,29,North,3,45.536951,-122.649971
Philips,78e9f81c-73f3-11e6-a948-b8e85621f222,2015-05-24,2016-04-02,Repalced IC30486. ,2018-10-28,temperature,29,North,3,45.536951,-122.649971
GE,78e9f9a3-73f3-11e6-80c3-b8e85621f222,2015-08-17,2016-05-08,Serviced without issues. ,2020-01-05,movement,29,East,3,45.536951,-122.649971
Honeywell,78e9fb3d-73f3-11e6-8fc9-b8e85621f222,2015-04-21,2016-06-06,Need service update in 10 days. ,2019-04-09,humidity,30,South,3,45.536951,-122.649971
GE,78e9fccf-73f3-11e6-ac5a-b8e85621f222,2015-01-03,2016-06-07,Serviced without issues. ,2021-02-02,humidity,30,West,3,45.536951,-122.649971
Samsung,78e9fe51-73f3-11e6-a26c-b8e85621f222,2014-11-08,2016-06-17,Repalced IC30486. ,2020-11-25,temperature,30,North,3,45.536951,-122.649971
Philips,78e9fff8-73f3-11e6-b66e-b8e85621f222,2015-08-10,2016-06-05,Repalced IC666789. ,2018-11-11,temperature,31,East,3,45.536951,-122.649971
Philips,78ea0200-73f3-11e6-914d-b8e85621f222,2015-01-11,2016-03-19,Need service update in 10 days. ,2018-09-28,humidity,31,West,3,45.536951,-122.649971
GE,78ea03a3-73f3-11e6-92f2-b8e85621f222,2014-09-30,2016-03-20,Repalced IC666789. ,2020-09-29,temperature,31,North,3,45.536951,-122.649971
Honeywell,78ea0535-73f3-11e6-85dd-b8e85621f222,2015-01-02,2016-04-21,Repalced IC30486. ,2020-07-08,humidity,31,North,3,45.536951,-122.649971
Philips,78ea06ba-73f3-11e6-bfab-b8e85621f222,2015-09-06,2016-04-25,Repalced IC30486. ,2020-04-01,movement,31,West,3,45.536951,-122.649971
GE,78ea085c-73f3-11e6-9909-b8e85621f222,2014-09-17,2016-06-27,Repalced IC30486. ,2020-04-23,humidity,32,South,3,45.536951,-122.649971
GE,78ea09e3-73f3-11e6-ae1e-b8e85621f222,2015-05-30,2016-03-10,Need service update in 10 days. ,2018-10-04,movement,32,West,3,45.536951,-122.649971
Samsung,78ea0b75-73f3-11e6-a9ff-b8e85621f222,2014-12-16,2016-06-26,Serviced without issues. ,2021-04-19,humidity,32,West,3,45.536951,-122.649971
GE,78ea0cf8-73f3-11e6-b394-b8e85621f222,2014-12-06,2016-06-28,Repalced IC666789. ,2020-12-22,movement,32,West,3,45.536951,-122.649971
GE,78ea0e9c-73f3-11e6-9b24-b8e85621f222,2015-01-09,2016-04-11,Repalced IC666789. ,2019-01-25,temperature,33,South,3,45.536951,-122.649971
Honeywell,78ea1023-73f3-11e6-87fc-b8e85621f222,2014-11-09,2016-04-24,Serviced without issues. ,2019-02-13,humidity,33,East,3,45.536951,-122.649971
Philips,78ea11c7-73f3-11e6-9d76-b8e85621f222,2015-03-03,2016-06-03,Need service update in 10 days. ,2020-12-29,movement,34,South,3,45.536951,-122.649971
Samsung,78ea134f-73f3-11e6-ac6a-b8e85621f222,2014-12-05,2016-05-26,Repalced IC666789. ,2020-02-13,humidity,34,South,3,45.536951,-122.649971
GE,78ea14dc-73f3-11e6-beef-b8e85621f222,2015-02-08,2016-07-06,Repalced IC30486. ,2019-05-14,temperature,34,South,3,45.536951,-122.649971
Philips,78ea1663-73f3-11e6-9039-b8e85621f222,2015-01-06,2016-05-07,Serviced without issues. ,2019-09-04,temperature,34,South,3,45.536951,-122.649971
GE,78ea17fd-73f3-11e6-bc5f-b8e85621f222,2014-10-02,2016-04-30,Repalced IC666789. ,2020-12-27,temperature,35,East,3,45.536951,-122.649971
Philips,78ea198f-73f3-11e6-8cd9-b8e85621f222,2015-06-02,2016-06-01,Repalced IC666789. ,2021-05-24,movement,35,East,3,45.536951,-122.649971
GE,78ea1b11-73f3-11e6-bba2-b8e85621f222,2015-07-10,2016-05-30,Repalced IC666789. ,2019-03-13,temperature,35,South,3,45.536951,-122.649971
Samsung,78ea1cb8-73f3-11e6-8a86-b8e85621f222,2014-12-05,2016-03-12,Need service update in 10 days. ,2019-10-06,humidity,36,South,3,45.536951,-122.649971
GE,78ea1e3d-73f3-11e6-b774-b8e85621f222,2015-05-17,2016-03-30,Serviced without issues. ,2019-03-12,temperature,36,West,3,45.536951,-122.649971
Samsung,78ea1fc5-73f3-11e6-9ab9-b8e85621f222,2015-06-18,2016-04-17,Repalced IC666789. ,2018-12-28,humidity,36,North,3,45.536951,-122.649971
Philips,78ea2151-73f3-11e6-b804-b8e85621f222,2014-11-08,2016-03-22,Need service update in 10 days. ,2019-02-15,temperature,36,South,3,45.536951,-122.649971
Samsung,78ea22d9-73f3-11e6-b07c-b8e85621f222,2014-09-16,2016-04-08,Serviced without issues. ,2018-10-17,movement,36,South,3,45.536951,-122.649971
GE,78ea247d-73f3-11e6-9a1d-b8e85621f222,2015-09-02,2016-04-17,Serviced without issues. ,2019-08-08,temperature,37,South,3,45.536951,-122.649971
GE,78ea2605-73f3-11e6-9edc-b8e85621f222,2015-08-09,2016-05-17,Repalced IC666789. ,2020-11-11,humidity,37,North,3,45.536951,-122.649971
GE,78ea2794-73f3-11e6-b64b-b8e85621f222,2014-11-02,2016-06-01,Need service update in 10 days. ,2021-03-30,temperature,37,South,3,45.536951,-122.649971
Honeywell,78ea2919-73f3-11e6-b68d-b8e85621f222,2014-12-08,2016-05-29,Repalced IC30486. ,2020-04-25,temperature,37,North,3,45.536951,-122.649971
Philips,78ea2aa1-73f3-11e6-bbce-b8e85621f222,2014-10-30,2016-06-06,Need service update in 10 days. ,2021-06-12,temperature,37,East,3,45.536951,-122.649971
Philips,78ea2c3a-73f3-11e6-a0a0-b8e85621f222,2015-04-05,2016-04-15,Need service update in 10 days. ,2020-10-07,temperature,38,East,3,45.536951,-122.649971
Samsung,78ea2dc7-73f3-11e6-8f74-b8e85621f222,2015-03-20,2016-07-05,Serviced without issues. ,2018-09-05,temperature,38,North,3,45.536951,-122.649971
Honeywell,78ea2fdc-73f3-11e6-b89b-b8e85621f222,2014-11-17,2016-03-23,Need service update in 10 days. ,2019-11-21,temperature,38,East,3,45.536951,-122.649971
Samsung,78ea3175-73f3-11e6-b7c6-b8e85621f222,2015-03-19,2016-05-25,Repalced IC666789. ,2021-03-06,movement,38,South,3,45.536951,-122.649971
Honeywell,78ea3319-73f3-11e6-be32-b8e85621f222,2015-08-08,2016-04-19,Need service update in 10 days. ,2018-10-11,humidity,39,West,3,45.536951,-122.649971
GE,78ea34ab-73f3-11e6-9157-b8e85621f222,2014-11-06,2016-06-06,Repalced IC666789. ,2020-11-11,movement,39,North,3,45.536951,-122.649971
GE,78ea3645-73f3-11e6-a440-b8e85621f222,2015-05-27,2016-03-27,Repalced IC666789. ,2021-03-01,movement,40,North,3,45.536951,-122.649971
Philips,78ea37d1-73f3-11e6-a6a1-b8e85621f222,2014-09-21,2016-04-11,Need service update in 10 days. ,2021-07-31,temperature,40,North,3,45.536951,-122.649971
GE,78ea3959-73f3-11e6-8339-b8e85621f222,2015-05-25,2016-05-28,Need service update in 10 days. ,2019-01-27,humidity,40,East,3,45.536951,-122.649971
Philips,78ea3af3-73f3-11e6-a1ae-b8e85621f222,2015-06-26,2016-04-30,Repalced IC666789. ,2019-02-17,temperature,41,North,3,45.536951,-122.649971
Honeywell,78ea3c85-73f3-11e6-83d1-b8e85621f222,2014-10-07,2016-06-28,Serviced without issues. ,2020-09-30,humidity,41,West,3,45.536951,-122.649971
Philips,78ea3e0a-73f3-11e6-9c53-b8e85621f222,2014-09-26,2016-04-09,Serviced without issues. ,2020-10-16,humidity,41,East,3,45.536951,-122.649971
GE,78ea3fae-73f3-11e6-9c62-b8e85621f222,2015-04-23,2016-06-20,Need service update in 10 days. ,2020-05-24,humidity,42,West,3,45.536951,-122.649971
Samsung,78ea4133-73f3-11e6-9bc9-b8e85621f222,2014-12-13,2016-05-31,Need service update in 10 days. ,2021-06-28,humidity,42,South,3,45.536951,-122.649971
Samsung,78ea42ba-73f3-11e6-a41d-b8e85621f222,2015-02-17,2016-06-14,Serviced without issues. ,2018-11-22,movement,42,South,3,45.536951,-122.649971
Samsung,78ea4440-73f3-11e6-950c-b8e85621f222,2014-12-17,2016-03-29,Need service update in 10 days. ,2019-12-31,movement,42,East,3,45.536951,-122.649971
Honeywell,78ea45c7-73f3-11e6-ac5f-b8e85621f222,2015-05-19,2016-06-25,Serviced without issues. ,2019-06-19,temperature,42,North,3,45.536951,-122.649971
Samsung,78ea4768-73f3-11e6-b2b6-b8e85621f222,2015-05-15,2016-06-28,Serviced without issues. ,2020-12-14,humidity,43,East,3,45.536951,-122.649971
Samsung,78ea48ee-73f3-11e6-b936-b8e85621f222,2015-01-24,2016-05-04,Serviced without issues. ,2020-10-12,movement,43,North,3,45.536951,-122.649971
Samsung,78ea4b70-73f3-11e6-98cf-b8e85621f222,2015-07-19,2016-05-27,Repalced IC666789. ,2018-09-26,humidity,43,North,3,45.536951,-122.649971
GE,78ea4d33-73f3-11e6-844b-b8e85621f222,2015-04-12,2016-03-28,Serviced without issues. ,2019-05-02,movement,43,North,3,45.536951,-122.649971
GE,78ea4ee8-73f3-11e6-9a9f-b8e85621f222,2015-07-06,2016-06-29,Repalced IC30486. ,2021-01-23,temperature,43,South,3,45.536951,-122.649971
Honeywell,78ea50c0-73f3-11e6-af85-b8e85621f222,2015-02-02,2016-04-06,Repalced IC666789. ,2019-02-07,temperature,44,West,3,45.536951,-122.649971
GE,78ea5282-73f3-11e6-8e12-b8e85621f222,2015-02-03,2016-05-29,Serviced without issues. ,2020-12-24,movement,44,East,3,45.536951,-122.649971
Samsung,78ea5475-73f3-11e6-a82a-b8e85621f222,2015-04-26,2016-04-26,Repalced IC666789. ,2018-09-26,movement,44,West,3,45.536951,-122.649971
GE,78ea5607-73f3-11e6-8fb8-b8e85621f222,2015-06-16,2016-05-23,Repalced IC30486. ,2019-05-18,temperature,44,South,3,45.536951,-122.649971
Samsung,78ea57ab-73f3-11e6-8059-b8e85621f222,2014-11-22,2016-03-11,Repalced IC30486. ,2019-01-19,humidity,17,East,4,37.238754,-76.509674
Philips,78ea593a-73f3-11e6-ac17-b8e85621f222,2014-11-16,2016-05-03,Serviced without issues. ,2018-09-04,humidity,17,South,4,37.238754,-76.509674
GE,78ea5ac0-73f3-11e6-9505-b8e85621f222,2015-03-11,2016-07-01,Serviced without issues. ,2020-09-18,temperature,17,West,4,37.238754,-76.509674
Philips,78ea5c63-73f3-11e6-80ae-b8e85621f222,2015-04-13,2016-05-30,Need service update in 10 days. ,2020-10-21,temperature,18,North,4,37.238754,-76.509674
Honeywell,78ea5e6b-73f3-11e6-88c0-b8e85621f222,2015-08-31,2016-05-04,Serviced without issues. ,2021-06-13,temperature,18,East,4,37.238754,-76.509674
Honeywell,78ea6023-73f3-11e6-84b1-b8e85621f222,2014-11-08,2016-05-16,Need service update in 10 days. ,2020-12-19,movement,19,West,4,37.238754,-76.509674
GE,78ea61b5-73f3-11e6-a72d-b8e85621f222,2015-08-23,2016-06-17,Repalced IC30486. ,2021-07-13,temperature,19,West,4,37.238754,-76.509674
Samsung,78ea6342-73f3-11e6-9035-b8e85621f222,2014-12-14,2016-03-18,Repalced IC666789. ,2021-08-07,movement,19,South,4,37.238754,-76.509674
GE,78ea64ca-73f3-11e6-a57d-b8e85621f222,2014-11-16,2016-06-06,Serviced without issues. ,2020-01-22,temperature,19,North,4,37.238754,-76.509674
GE,78ea666e-73f3-11e6-b525-b8e85621f222,2015-05-01,2016-04-03,Repalced IC30486. ,2020-03-31,movement,20,East,4,37.238754,-76.509674
Honeywell,78ea67fd-73f3-11e6-83c1-b8e85621f222,2015-09-09,2016-07-06,Repalced IC30486. ,2020-02-15,humidity,20,North,4,37.238754,-76.509674
Honeywell,78ea6997-73f3-11e6-ab9d-b8e85621f222,2015-07-29,2016-04-03,Repalced IC30486. ,2019-10-03,humidity,21,West,4,37.238754,-76.509674
Philips,78ea6b28-73f3-11e6-b5ce-b8e85621f222,2015-02-05,2016-06-17,Need service update in 10 days. ,2020-04-10,movement,21,East,4,37.238754,-76.509674
Philips,78ea6cd7-73f3-11e6-916b-b8e85621f222,2015-04-20,2016-06-12,Repalced IC666789. ,2018-12-12,temperature,22,North,4,37.238754,-76.509674
Samsung,78ea6e66-73f3-11e6-9d7f-b8e85621f222,2015-07-31,2016-04-29,Repalced IC666789. ,2020-11-14,temperature,22,East,4,37.238754,-76.509674
Samsung,78ea6feb-73f3-11e6-88e9-b8e85621f222,2014-12-08,2016-04-13,Repalced IC666789. ,2020-06-08,movement,22,West,4,37.238754,-76.509674
Samsung,78ea717a-73f3-11e6-8121-b8e85621f222,2015-02-02,2016-03-27,Repalced IC30486. ,2020-08-01,humidity,22,East,4,37.238754,-76.509674
GE,78ea7302-73f3-11e6-b10b-b8e85621f222,2015-01-19,2016-05-13,Repalced IC30486. ,2021-07-01,humidity,22,East,4,37.238754,-76.509674
GE,78ea749c-73f3-11e6-af36-b8e85621f222,2014-10-03,2016-03-29,Repalced IC666789. ,2021-04-06,humidity,23,East,4,37.238754,-76.509674
GE,78ea762b-73f3-11e6-8aa2-b8e85621f222,2014-11-18,2016-03-20,Repalced IC30486. ,2020-07-25,movement,23,West,4,37.238754,-76.509674
Philips,78ea77b0-73f3-11e6-8c2a-b8e85621f222,2015-02-19,2016-03-23,Serviced without issues. ,2019-07-15,humidity,23,South,4,37.238754,-76.509674
GE,78ea7938-73f3-11e6-b149-b8e85621f222,2015-04-03,2016-04-02,Serviced without issues. ,2019-10-29,movement,23,East,4,37.238754,-76.509674
Samsung,78ea7ac7-73f3-11e6-a4d5-b8e85621f222,2014-09-16,2016-05-13,Repalced IC30486. ,2021-07-08,humidity,23,East,4,37.238754,-76.509674
Samsung,78ea7d00-73f3-11e6-891a-b8e85621f222,2014-12-09,2016-03-25,Repalced IC666789. ,2021-04-22,temperature,24,North,4,37.238754,-76.509674
Samsung,78ea7f1e-73f3-11e6-b83f-b8e85621f222,2015-02-17,2016-05-06,Need service update in 10 days. ,2018-12-09,humidity,24,West,4,37.238754,-76.509674
Honeywell,78ea80a3-73f3-11e6-9bf7-b8e85621f222,2014-12-16,2016-05-23,Serviced without issues. ,2020-01-25,humidity,24,West,4,37.238754,-76.509674
Philips,78ea8240-73f3-11e6-80b0-b8e85621f222,2015-08-23,2016-04-30,Serviced without issues. ,2020-05-24,movement,25,West,4,37.238754,-76.509674
GE,78ea83cc-73f3-11e6-8855-b8e85621f222,2015-01-02,2016-06-27,Repalced IC666789. ,2019-05-16,humidity,25,West,4,37.238754,-76.509674
Samsung,78ea855e-73f3-11e6-952f-b8e85621f222,2015-06-16,2016-06-08,Repalced IC30486. ,2019-10-08,humidity,25,North,4,37.238754,-76.509674
Philips,78ea86e3-73f3-11e6-8750-b8e85621f222,2015-03-20,2016-03-31,Repalced IC666789. ,2021-02-15,temperature,25,North,4,37.238754,-76.509674
GE,78ea8868-73f3-11e6-a1b5-b8e85621f222,2014-10-14,2016-04-23,Serviced without issues. ,2019-05-21,temperature,25,West,4,37.238754,-76.509674
Philips,78ea8a02-73f3-11e6-9aea-b8e85621f222,2015-05-16,2016-03-13,Need service update in 10 days. ,2020-03-10,temperature,26,East,4,37.238754,-76.509674
Honeywell,78ea8b94-73f3-11e6-9aad-b8e85621f222,2014-09-21,2016-04-05,Repalced IC666789. ,2021-01-02,temperature,26,West,4,37.238754,-76.509674
GE,78ea8d9c-73f3-11e6-9f7a-b8e85621f222,2015-01-12,2016-03-20,Repalced IC666789. ,2019-01-27,movement,26,East,4,37.238754,-76.509674
GE,78ea8f40-73f3-11e6-af45-b8e85621f222,2015-09-02,2016-03-09,Need service update in 10 days. ,2020-02-15,humidity,26,East,4,37.238754,-76.509674
GE,78ea90c7-73f3-11e6-88cb-b8e85621f222,2015-05-14,2016-06-16,Serviced without issues. ,2018-12-14,movement,26,North,4,37.238754,-76.509674
Honeywell,78ea9268-73f3-11e6-861b-b8e85621f222,2014-12-20,2016-04-06,Need service update in 10 days. ,2018-08-31,humidity,27,South,4,37.238754,-76.509674
Honeywell,78ea93f0-73f3-11e6-9238-b8e85621f222,2015-06-17,2016-06-11,Repalced IC30486. ,2020-02-07,temperature,27,East,4,37.238754,-76.509674
Samsung,78ea9594-73f3-11e6-a7ff-b8e85621f222,2015-07-14,2016-05-03,Repalced IC666789. ,2020-12-23,humidity,28,North,4,37.238754,-76.509674
Philips,78ea9723-73f3-11e6-b9fe-b8e85621f222,2015-02-21,2016-03-12,Need service update in 10 days. ,2019-07-07,temperature,28,West,4,37.238754,-76.509674
GE,78ea98a8-73f3-11e6-b665-b8e85621f222,2015-06-06,2016-06-28,Serviced without issues. ,2021-05-12,temperature,28,East,4,37.238754,-76.509674
Honeywell,78ea9a3a-73f3-11e6-abf2-b8e85621f222,2015-03-17,2016-07-01,Need service update in 10 days. ,2020-07-15,movement,28,East,4,37.238754,-76.509674
Samsung,78ea9bd4-73f3-11e6-aea3-b8e85621f222,2015-05-25,2016-04-30,Need service update in 10 days. ,2020-07-02,temperature,29,North,4,37.238754,-76.509674
Philips,78ea9d63-73f3-11e6-8d03-b8e85621f222,2015-01-06,2016-03-28,Repalced IC30486. ,2019-07-20,temperature,29,East,4,37.238754,-76.509674
Honeywell,78ea9f00-73f3-11e6-93b9-b8e85621f222,2015-05-31,2016-04-01,Repalced IC666789. ,2018-11-11,humidity,30,East,4,37.238754,-76.509674
Honeywell,78eaa08c-73f3-11e6-98a7-b8e85621f222,2015-02-06,2016-06-21,Repalced IC666789. ,2018-10-30,humidity,30,South,4,37.238754,-76.509674
GE,78eaa214-73f3-11e6-a404-b8e85621f222,2015-01-07,2016-03-17,Serviced without issues. ,2021-01-08,movement,30,North,4,37.238754,-76.509674
Honeywell,78eaa3a3-73f3-11e6-9c03-b8e85621f222,2015-05-17,2016-04-10,Need service update in 10 days. ,2020-11-16,humidity,30,West,4,37.238754,-76.509674
Honeywell,78eaa528-73f3-11e6-af5d-b8e85621f222,2015-04-24,2016-06-13,Serviced without issues. ,2019-01-29,temperature,30,East,4,37.238754,-76.509674
Honeywell,78eaa782-73f3-11e6-9c6d-b8e85621f222,2015-05-01,2016-03-11,Repalced IC666789. ,2018-09-14,temperature,31,West,4,37.238754,-76.509674
Samsung,78eaa975-73f3-11e6-afa6-b8e85621f222,2015-07-26,2016-06-06,Serviced without issues. ,2021-08-01,movement,31,South,4,37.238754,-76.509674
Samsung,78eaab05-73f3-11e6-85c1-b8e85621f222,2014-10-08,2016-04-04,Repalced IC666789. ,2018-09-22,humidity,31,North,4,37.238754,-76.509674
Samsung,78eaacab-73f3-11e6-8a65-b8e85621f222,2014-12-30,2016-06-25,Serviced without issues. ,2020-06-28,movement,32,West,4,37.238754,-76.509674
Honeywell,78eaae38-73f3-11e6-bc1e-b8e85621f222,2014-11-04,2016-05-22,Need service update in 10 days. ,2020-07-01,movement,32,North,4,37.238754,-76.509674
Philips,78eaafd4-73f3-11e6-967f-b8e85621f222,2014-12-27,2016-03-30,Repalced IC30486. ,2019-05-24,temperature,33,North,4,37.238754,-76.509674
Honeywell,78eab163-73f3-11e6-8a18-b8e85621f222,2015-01-16,2016-04-06,Repalced IC666789. ,2019-11-21,humidity,33,West,4,37.238754,-76.509674
Samsung,78eab2eb-73f3-11e6-990d-b8e85621f222,2014-10-11,2016-04-12,Serviced without issues. ,2019-02-06,temperature,33,East,4,37.238754,-76.509674
Samsung,78eab48f-73f3-11e6-92c4-b8e85621f222,2015-03-05,2016-03-09,Repalced IC30486. ,2019-05-01,humidity,34,West,4,37.238754,-76.509674
GE,78eab611-73f3-11e6-9278-b8e85621f222,2015-02-21,2016-05-03,Repalced IC666789. ,2019-01-11,humidity,34,West,4,37.238754,-76.509674
Honeywell,78eab7ae-73f3-11e6-b8bd-b8e85621f222,2014-10-13,2016-06-10,Serviced without issues. ,2019-07-02,movement,35,South,4,37.238754,-76.509674
Philips,78eab93d-73f3-11e6-b998-b8e85621f222,2015-08-12,2016-05-12,Need service update in 10 days. ,2021-08-03,movement,35,North,4,37.238754,-76.509674
GE,78eabb28-73f3-11e6-b57e-b8e85621f222,2015-03-31,2016-03-10,Need service update in 10 days. ,2019-09-07,humidity,35,South,4,37.238754,-76.509674
Honeywell,78eabcf5-73f3-11e6-b915-b8e85621f222,2015-01-09,2016-04-14,Repalced IC666789. ,2018-10-24,temperature,36,North,4,37.238754,-76.509674
Philips,78eabe82-73f3-11e6-b733-b8e85621f222,2015-06-05,2016-05-29,Repalced IC30486. ,2020-04-08,humidity,36,West,4,37.238754,-76.509674
Philips,78eac00a-73f3-11e6-b9f9-b8e85621f222,2015-07-13,2016-06-21,Need service update in 10 days. ,2018-09-22,humidity,36,North,4,37.238754,-76.509674
Honeywell,78eac1ae-73f3-11e6-9132-b8e85621f222,2015-04-20,2016-05-18,Serviced without issues. ,2019-11-19,movement,37,North,4,37.238754,-76.509674
GE,78eac335-73f3-11e6-a621-b8e85621f222,2015-06-04,2016-04-27,Serviced without issues. ,2018-11-30,humidity,37,South,4,37.238754,-76.509674
GE,78eac4b8-73f3-11e6-a828-b8e85621f222,2015-08-19,2016-07-05,Repalced IC666789. ,2021-03-11,humidity,37,North,4,37.238754,-76.509674
Philips,78eac65c-73f3-11e6-8b30-b8e85621f222,2015-05-07,2016-05-22,Serviced without issues. ,2021-06-02,temperature,38,East,4,37.238754,-76.509674
Samsung,78eac7e3-73f3-11e6-9f84-b8e85621f222,2014-11-06,2016-07-01,Serviced without issues. ,2018-12-19,humidity,38,South,4,37.238754,-76.509674
Samsung,78eac975-73f3-11e6-a467-b8e85621f222,2015-03-08,2016-05-15,Repalced IC30486. ,2021-06-13,humidity,38,South,4,37.238754,-76.509674
Honeywell,78eacaf8-73f3-11e6-8996-b8e85621f222,2014-10-13,2016-05-30,Need service update in 10 days. ,2018-09-22,temperature,38,East,4,37.238754,-76.509674
Samsung,78eacc9c-73f3-11e6-9afc-b8e85621f222,2015-07-14,2016-05-05,Repalced IC666789. ,2019-01-02,movement,39,South,4,37.238754,-76.509674
Philips,78eace23-73f3-11e6-9228-b8e85621f222,2015-03-26,2016-05-23,Serviced without issues. ,2018-09-12,humidity,39,South,4,37.238754,-76.509674
Philips,78eacfb3-73f3-11e6-bc03-b8e85621f222,2015-01-28,2016-03-25,Serviced without issues. ,2020-05-12,movement,39,South,4,37.238754,-76.509674
Philips,78ead138-73f3-11e6-8733-b8e85621f222,2015-02-27,2016-04-15,Need service update in 10 days. ,2021-06-12,humidity,39,South,4,37.238754,-76.509674
Samsung,78ead2ca-73f3-11e6-aedc-b8e85621f222,2015-02-16,2016-06-20,Repalced IC666789. ,2020-05-19,movement,39,South,4,37.238754,-76.509674
GE,78ead463-73f3-11e6-9afb-b8e85621f222,2015-02-04,2016-05-28,Need service update in 10 days. ,2019-01-27,movement,40,East,4,37.238754,-76.509674
Honeywell,78ead5eb-73f3-11e6-816b-b8e85621f222,2014-10-13,2016-04-10,Repalced IC666789. ,2019-01-03,temperature,40,South,4,37.238754,-76.509674
GE,78ead78f-73f3-11e6-adcf-b8e85621f222,2014-11-18,2016-06-13,Need service update in 10 days. ,2020-08-14,movement,41,East,4,37.238754,-76.509674
GE,78ead9f0-73f3-11e6-a74a-b8e85621f222,2015-01-11,2016-04-01,Need service update in 10 days. ,2019-07-02,temperature,41,North,4,37.238754,-76.509674
Samsung,78eadbbd-73f3-11e6-9f41-b8e85621f222,2014-12-01,2016-03-09,Need service update in 10 days. ,2020-11-06,movement,41,East,4,37.238754,-76.509674
Honeywell,78eadd7d-73f3-11e6-bf11-b8e85621f222,2014-09-19,2016-05-01,Repalced IC30486. ,2020-09-10,temperature,41,North,4,37.238754,-76.509674
Honeywell,78eadf35-73f3-11e6-94e8-b8e85621f222,2015-05-28,2016-03-15,Repalced IC30486. ,2019-07-03,temperature,41,South,4,37.238754,-76.509674
Honeywell,78eae114-73f3-11e6-b1f6-b8e85621f222,2015-08-12,2016-05-30,Repalced IC30486. ,2019-01-06,movement,42,West,4,37.238754,-76.509674
GE,78eae4d7-73f3-11e6-bbd9-b8e85621f222,2014-11-13,2016-05-05,Need service update in 10 days. ,2020-07-16,temperature,42,East,4,37.238754,-76.509674
Samsung,78eae92e-73f3-11e6-9d80-b8e85621f222,2014-11-14,2016-05-30,Repalced IC666789. ,2019-09-10,movement,42,North,4,37.238754,-76.509674
GE,78eaece1-73f3-11e6-9b56-b8e85621f222,2015-01-11,2016-06-18,Repalced IC30486. ,2019-10-27,temperature,43,North,4,37.238754,-76.509674
Samsung,78eaef61-73f3-11e6-83d7-b8e85621f222,2015-06-18,2016-06-10,Repalced IC30486. ,2019-10-21,temperature,43,East,4,37.238754,-76.509674
Philips,78eaf142-73f3-11e6-aac7-b8e85621f222,2015-05-12,2016-04-26,Need service update in 10 days. ,2020-03-09,temperature,43,South,4,37.238754,-76.509674
Philips,78eaf3e8-73f3-11e6-a94c-b8e85621f222,2015-09-09,2016-05-04,Repalced IC666789. ,2019-04-26,humidity,43,East,4,37.238754,-76.509674
Samsung,78eaf5f0-73f3-11e6-ac3c-b8e85621f222,2015-05-20,2016-07-01,Repalced IC666789. ,2020-02-15,humidity,44,South,4,37.238754,-76.509674
Honeywell,78eaf7c7-73f3-11e6-ae7b-b8e85621f222,2015-06-11,2016-03-27,Serviced without issues. ,2019-12-20,temperature,44,West,4,37.238754,-76.509674
Philips,78eaf994-73f3-11e6-8e23-b8e85621f222,2015-09-11,2016-04-06,Repalced IC30486. ,2019-04-19,movement,44,East,4,37.238754,-76.509674
Samsung,78eafb57-73f3-11e6-bb6a-b8e85621f222,2015-07-05,2016-04-25,Repalced IC666789. ,2019-06-16,humidity,44,East,4,37.238754,-76.509674
Samsung,78eafe94-73f3-11e6-a849-b8e85621f222,2014-09-29,2016-06-20,Serviced without issues. ,2019-06-26,temperature,44,South,4,37.238754,-76.509674
